office_function,purpose,post_remote_status,transcript_interpretation
Daily co-location,Routine proximity,Mostly rejected,Remote work removes the daily obligation and commute
Meetings,Scheduled coordination,Retained remotely,Meetings survive through digital tools
Email,Asynchronous communication,Retained remotely,Email stayed
Slack,Fast team communication,Retained remotely,Slack stayed
Project management,Work coordination,Retained remotely,Project management stayed
Trust building,Relational infrastructure,Rebuilt through retreats,Shared experiences create trust
Psychological safety,Team confidence and openness,Rebuilt through retreats,Interviewees connect offsites with psychological safety
Relationships,Human connection,Rebuilt through retreats,Face-to-face relationships remain valuable
Context,Informal organizational knowledge,Rebuilt through retreats,Context is harder to recreate in scheduled digital channels
Hallway conversations,Unplanned exchange,Rebuilt intentionally,Temporary gatherings create room around the agenda
Shared lunches and dinners,Informal bonding,Rebuilt intentionally,Meals are part of the product
Serendipity,Unexpected useful interaction,Rebuilt intentionally,Retreats manufacture opportunities for unplanned conversation
Brainstorming,Collaborative problem solving,Used selectively in person,Small groups can gather around hard problems
Mentorship,Learning through proximity,Unbundled,Named as one of the office functions pulled apart
Friendship,Personal connection,Unbundled,Named as one of the office functions pulled apart
Celebration,Shared recognition,Unbundled,Named as one of the office functions pulled apart
Accountability,Social reinforcement,Unbundled,Named as one of the office functions pulled apart
Learning,Knowledge transfer,Unbundled,Named as one of the office functions pulled apart
